id	section	role	expr	expected	known	tolerance	source	caption	epsil.in	epsil.back	fullform.in	wolfram.kind	wolfram.note	sage.kind	sage.note	sympy.kind	sympy.note	mpmath.kind	mpmath.note
li-2-1-zeta-2-pi-2-6			[PolyLog, 2, 1]	[Multiply, [Rational, 1, 6], [Power, Pi, 2]]				$\operatorname{Li}_2(1) = \zeta(2) = \pi^2/6$											
li-2-1-eta-2-pi-2-12			[PolyLog, 2, -1]	[Multiply, [Rational, -1, 12], [Power, Pi, 2]]				$\operatorname{Li}_2(-1) = -\eta(2) = -\pi^2/12$											
li-4-1-zeta-4-pi-4-90			[PolyLog, 4, 1]	[Multiply, [Rational, 1, 90], [Power, Pi, 4]]				$\operatorname{Li}_4(1) = \zeta(4) = \pi^4/90$											
a-machine-precision-argument			[PolyLog, 2, 0.9]	1.2997147230049588				A machine-precision argument											
li-0-z-z-1-z-past-the-unit-disk			[PolyLog, 0, 5.5]	{num: "-1.222222222222222222221"}				$\operatorname{Li}_0(z) = z/(1-z)$, past the unit disk											
li-3-1-2-frac-78-zeta-3-frac-pi-2-12-ln-2-frac			[PolyLog, 3, [Rational, 1, 2]]	[Add, [Multiply, [Rational, -1, 12], [Ln, 2], [Power, Pi, 2]], [Multiply, [Rational, 1, 6], [Power, [Ln, 2], 3]], [Multiply, [Rational, 7, 8], [Zeta, 3]]]				$\operatorname{Li}_3(1/2) = \frac78\zeta(3) - \frac{\pi^2}{12}\ln 2 + \frac16\ln^3 2$											
n-polylog-2-0p5		test	[N, [PolyLog, 2, 0.5]]	0.5822405264650125															
n-polylog-2-neg-0p5		test	[N, [PolyLog, 2, -0.5]]	-0.44841420692364636															
n-polylog-2-0p25		test	[N, [PolyLog, 2, 0.25]]	0.2676526390827325															
n-polylog-2-0p9		test	[N, [PolyLog, 2, 0.9]]	1.2997147230049588															
n-polylog-2-1-over-3		test	[N, [PolyLog, 2, [Rational, 1, 3]]]	0.3662132299770634															
n-polylog-2-0p4-plus-0p3i		test	[N, [PolyLog, 2, [Complex, 0.4, 0.3]]]	[Complex, 0.40777049929509657, 0.374503158223905]															
n-polylog-3-0p5		test	[N, [PolyLog, 3, 0.5]]	0.5372131936080403															
n-polylog-3-neg-0p5		test	[N, [PolyLog, 3, -0.5]]	-0.47259784465889704															
n-polylog-3-0p25		test	[N, [PolyLog, 3, 0.25]]	0.25846139579657323															
n-polylog-3-0p9		test	[N, [PolyLog, 3, 0.9]]	1.0496589501864397															
n-polylog-3-1-over-3		test	[N, [PolyLog, 3, [Rational, 1, 3]]]	0.34882786115484005															
n-polylog-3-0p4-plus-0p3i		test	[N, [PolyLog, 3, [Complex, 0.4, 0.3]]]	[Complex, 0.40599530381987775, 0.33476183853388025]															
n-polylog-0p5-0p5		test	[N, [PolyLog, 0.5, 0.5]]	0.8061267230428522															
n-polylog-0p5-neg-0p5		test	[N, [PolyLog, 0.5, -0.5]]	-0.373752237980973															
n-polylog-0p5-0p25		test	[N, [PolyLog, 0.5, 0.25]]	0.3057349303992964															
n-polylog-0p5-0p9		test	[N, [PolyLog, 0.5, 0.9]]	4.021950427473364															
n-polylog-0p5-1-over-3		test	[N, [PolyLog, 0.5, [Rational, 1, 3]]]	0.44210883528067546															
n-polylog-0p5-0p4-plus-0p3i		test	[N, [PolyLog, 0.5, [Complex, 0.4, 0.3]]]	[Complex, 0.3799350192027693, 0.5445942552198528]															
n-polylog-1p5-0p5		test	[N, [PolyLog, 1.5, 0.5]]	0.624837020819914															
n-polylog-1p5-neg-0p5		test	[N, [PolyLog, 1.5, -0.5]]	-0.42988732158057935															
n-polylog-1p5-0p25		test	[N, [PolyLog, 1.5, 0.25]]	0.2757005086448229															
n-polylog-1p5-0p9		test	[N, [PolyLog, 1.5, 0.9]]	1.614438528566339															
n-polylog-1p5-1-over-3		test	[N, [PolyLog, 1.5, [Rational, 1, 3]]]	0.38178350786901616															
n-polylog-1p5-0p4-plus-0p3i		test	[N, [PolyLog, 1.5, [Complex, 0.4, 0.3]]]	[Complex, 0.40619397959402637, 0.41007586834837495]															
n-polylog-2p5-0p5		test	[N, [PolyLog, 2.5, 0.5]]	0.5549972787175124															
n-polylog-2p5-neg-0p5		test	[N, [PolyLog, 2.5, -0.5]]	-0.46229778219006346															
n-polylog-2p5-0p25		test	[N, [PolyLog, 2.5, 0.25]]	0.2621937704285516															
n-polylog-2p5-0p9		test	[N, [PolyLog, 2.5, 0.9]]	1.1390030252021563															
n-polylog-2p5-1-over-3		test	[N, [PolyLog, 2.5, [Rational, 1, 3]]]	0.35583074003232074															
n-polylog-2p5-0p4-plus-0p3i		test	[N, [PolyLog, 2.5, [Complex, 0.4, 0.3]]]	[Complex, 0.4072217113246216, 0.3507424837631956]															
n-polylog-neg-1-0p5		test	[N, [PolyLog, -1, 0.5]]	{num: "2.0"}															
n-polylog-neg-1-neg-0p5		test	[N, [PolyLog, -1, -0.5]]	{num: "-0.222222222222222222222"}															
n-polylog-neg-1-0p25		test	[N, [PolyLog, -1, 0.25]]	{num: "0.444444444444444444445"}															
n-polylog-neg-1-0p9		test	[N, [PolyLog, -1, 0.9]]	{num: "90.0"}															
n-polylog-neg-1-1-over-3		test	[N, [PolyLog, -1, [Rational, 1, 3]]]	{num: "0.74999999999999999999925"}															
n-polylog-neg-1-0p4-plus-0p3i		test	[N, [PolyLog, -1, [Complex, 0.4, 0.3]]]	[Complex, 1.9136e-16, 1.1111111111111114]															
n-polylog-2-plus-i-0p5		test	[N, [PolyLog, [Complex, 2, 1], 0.5]]	[Complex, 0.5548535453533205, -0.05804956179169715]															
n-polylog-2-plus-i-neg-0p5		test	[N, [PolyLog, [Complex, 2, 1], -0.5]]	[Complex, -0.4575315460755852, -0.03047101966980711]															
n-polylog-2-plus-i-0p25		test	[N, [PolyLog, [Complex, 2, 1], 0.25]]	[Complex, 0.26285018302723623, -0.011816971919302564]															
n-polylog-2-plus-i-0p9		test	[N, [PolyLog, [Complex, 2, 1], 0.9]]	[Complex, 1.073635898279169, -0.3065006217049299]															
n-polylog-2-plus-i-1-over-3		test	[N, [PolyLog, [Complex, 2, 1], [Rational, 1, 3]]]	[Complex, 0.3566945562007138, -0.022385462317962054]															
n-polylog-2-plus-i-0p4-plus-0p3i		test	[N, [PolyLog, [Complex, 2, 1], [Complex, 0.4, 0.3]]]	[Complex, 0.4621400230577699, 0.35056059710105836]															
n-polylog-0p5-plus-neg-1-times-i-0p5		test	[N, [PolyLog, [Complex, 0.5, -1], 0.5]]	[Complex, 0.6700397970761983, 0.23301926975771328]															
n-polylog-0p5-plus-neg-1-times-i-neg-0p5		test	[N, [PolyLog, [Complex, 0.5, -1], -0.5]]	[Complex, -0.3913103161117429, 0.06975146663327912]															
n-polylog-0p5-plus-neg-1-times-i-0p25		test	[N, [PolyLog, [Complex, 0.5, -1], 0.25]]	[Complex, 0.2884064661247059, 0.03875347060829805]															
n-polylog-0p5-plus-neg-1-times-i-0p9		test	[N, [PolyLog, [Complex, 0.5, -1], 0.9]]	[Complex, 0.580361076526937, 2.242263748000801]															
n-polylog-0p5-plus-neg-1-times-i-1-over-3		test	[N, [PolyLog, [Complex, 0.5, -1], [Rational, 1, 3]]]	[Complex, 0.4043299322379448, 0.07792572456064256]															
n-polylog-0p5-plus-neg-1-times-i-0p4-plus-0p3i		test	[N, [PolyLog, [Complex, 0.5, -1], [Complex, 0.4, 0.3]]]	[Complex, 0.24654523479288867, 0.4321567364244429]															
li-0-1-a-pole-of-the-rational-form		test	[PolyLog, 0, 1]	ComplexInfinity										convention	Wolfram and compute-engine treat z=1 as the pole of the rational Li_0(z)=z/(1-z) (ComplexInfinity); Sage's polylog takes zeta(0) by analytic continuation in s at fixed z=1 instead, giving -1/2.	convention	Same as the mpmath row -- SymPy also takes zeta(0) rather than the rational form's pole.	convention	Wolfram and ours treat z=1 as the pole of the rational Li_0(z)=z/(1-z) (ComplexInfinity); mpmath takes zeta(s) by analytic continuation in s at fixed z=1 instead (-1/2 here).
li-neg-1-1-a-pole-of-the-rational-form		test	[PolyLog, -1, 1]	ComplexInfinity										convention	Wolfram and compute-engine treat z=1 as the pole of the rational Li_-1(z)=z/(1-z)^2 (ComplexInfinity); Sage's polylog takes zeta(-1)=-1/12 by analytic continuation in s at fixed z=1 instead.	convention	Same as the mpmath row -- SymPy also takes zeta(-1) rather than the rational form's pole.	convention	Wolfram and ours treat z=1 as the pole of the rational Li_-1(z)=z/(1-z)^2 (ComplexInfinity); mpmath takes zeta(-1)=-1/12 by analytic continuation in s at fixed z=1 instead.
li-neg-2-1-a-pole-of-the-rational-form		test	[PolyLog, -2, 1]	ComplexInfinity										convention	Wolfram and compute-engine treat z=1 as the pole of the rational Li_-2(z) (ComplexInfinity); Sage's polylog takes zeta(-2)=0 by analytic continuation in s at fixed z=1 instead.	convention	Same as the mpmath row -- SymPy also takes zeta(-2) rather than the rational form's pole.	convention	Wolfram and ours treat z=1 as the pole of the rational Li_-2(z) (ComplexInfinity); mpmath takes zeta(-2)=0 by analytic continuation in s at fixed z=1 instead.
li-3-over-2-1-zeta-3-2-non-integer-order		test	[N, [PolyLog, [Rational, 3, 2], 1]]	{num: "2.61237534868548834335"}				$\operatorname{Li}_{3/2}(1) = \zeta(3/2)$											
li-1-1-2-ln-2		test	[N, [PolyLog, 1, [Rational, 1, 2]]]	{num: "0.693147180559945309417"}				$\operatorname{Li}_1(1/2) = -\ln(1/2) = \ln 2$											
n-polylog-rim-theta-0p5-s-neg-0p5-z		test	[N, [PolyLog, -0.5, [Complex, 0.8775825618903728, 0.479425538604203]]]	[Complex, -1.9814128032416316, 1.759618028095421]															
polylog-rim-theta-0p5-s-0-z		test	[N, [PolyLog, 0, [Complex, 0.8775825618903728, 0.479425538604203]]]	[Complex, {num: "-0.500000000000000379457391008370314432"}, 1.9581586823229702]															
polylog-rim-theta-0p5-s-0p5-z		test	[N, [PolyLog, 0.5, [Complex, 0.8775825618903728, 0.479425538604203]]]	[Complex, 0.31529661575870827, 1.6683324929967651]															
polylog-rim-theta-0p5-s-1-z		test	[N, [PolyLog, 1, [Complex, 0.8775825618903728, 0.479425538604203]]]	[Complex, 0.7035856351378448, 1.3207963267948968]															
polylog-rim-theta-0p5-s-1p5-z		test	[N, [PolyLog, 1.5, [Complex, 0.8775825618903728, 0.479425538604203]]]	[Complex, 0.8659295227649891, 1.0428086988788294]															
polylog-rim-theta-1p7-s-0-z		test	[N, [PolyLog, 0, [Complex, -0.12884449429552464, 0.9916648104524686]]]	[Complex, {num: "-0.4999999999999999729402313598238722848"}, 0.4392388922760059]															
polylog-rim-theta-1p7-s-0p5-z		test	[N, [PolyLog, 0.5, [Complex, -0.12884449429552464, 0.9916648104524686]]]	[Complex, -0.46063922619752723, 0.6004778160550789]															
polylog-rim-theta-1p7-s-1-z		test	[N, [PolyLog, 1, [Complex, -0.12884449429552464, 0.9916648104524686]]]	[Complex, -0.40717085934072944, 0.7207963267948966]															
polylog-rim-theta-1p7-s-1p5-z		test	[N, [PolyLog, 1.5, [Complex, -0.12884449429552464, 0.9916648104524686]]]	[Complex, -0.3523998866396682, 0.8070572290694613]															
polylog-rim-theta-2p4-s-0-z		test	[N, [PolyLog, 0, [Complex, -0.7373937155412454, 0.675463180551151]]]	[Complex, {num: "-0.5000000000000000075578779372074230888"}, 0.19438978468410245]															
polylog-rim-theta-2p4-s-0p5-z		test	[N, [PolyLog, 0.5, [Complex, -0.7373937155412454, 0.675463180551151]]]	[Complex, -0.5709953131001384, 0.2881223505446884]															
polylog-rim-theta-2p4-s-1-z		test	[N, [PolyLog, 1, [Complex, -0.7373937155412454, 0.675463180551151]]]	[Complex, -0.6227666531171128, 0.37079632679489666]															
polylog-rim-theta-2p4-s-1p5-z		test	[N, [PolyLog, 1.5, [Complex, -0.7373937155412454, 0.675463180551151]]]	[Complex, -0.6594860880900733, 0.4403355254247001]															
order-one-half-at-1-is-zeta-one-half		test	[N, [PolyLog, [Rational, 1, 2], 1]]	-1.4603545088095868								precision	mpmath confirms Zeta(1/2) = ours; Wolfram's automatic evaluator answers ComplexInfinity at PolyLog[s,1] even under N[], apparently applying its s=1 pole rule too broadly.						
n-polylog-30-neg-4		test	[N, [PolyLog, 30, -4]]	-3.999999985099149															
n-polylog-250-neg-4-a-large-order-past-z-1		test	[N, [PolyLog, 250, -4]]	-4															
n-polylog-250-4-a-large-order-on-the-cut		test	[N, [PolyLog, 250, 4]]	4															
n-polylog-2500000-4-a-huge-order-returns		test	[N, [PolyLog, 2500000, 4]]	4															
n-polylog-40p5-2-plus-3i-a-large-complex-point		test	[N, [PolyLog, 40.5, [Complex, 2, 3]]]	[Complex, 1.999999999996784, 3.000000000007717]															
threads-over-a-list-of-arguments	Scope		[PolyLog, 2, [List, 0.5, 0.25]]	[List, 0.5822405264650125, 0.2676526390827325]				Threads over a list of arguments						threading	compute-engine's PolyLog is Listable and threads over the list; Sage's takes scalars only.	threading	compute-engine's PolyLog threads over (or pools) the list; SymPy's takes scalars.	threading	compute-engine's PolyLog threads over the list; mpmath's takes scalars.
a-non-integer-order-past-z-1-is-left-unevaluated	Scope		[PolyLog, 2.5, 2]	[Complex, 2.7896603323827778, -1.363803700539351]				A non-integer order continues past $|z| = 1$ to a complex value, as Wolfram does: $\mathrm{Li}_{5/2}(2) \approx 2.78966 - 1.36380i$											
complex-order-and-argument	Scope		[PolyLog, [Complex, 0.2, 1], [Complex, 0.5, -0.5]]	[Complex, 0.07032652055051603, -0.5632932625398744]				Complex order and argument											
past-z-1-the-continuation-is-complex	Scope		[PolyLog, 2, 2.5]	[Complex, 2.420790806565934, -2.878612231808261]				Past $z = 1$ the continuation is complex											
li-3-1-eta-3-frac-34-zeta-3	Scope		[PolyLog, 3, -1]	[Multiply, [Rational, -3, 4], [Zeta, 3]]				$\operatorname{Li}_3(-1) = -\eta(3) = -\frac34\zeta(3)$											
li-2-2-pi-2-4-i-pi-ln-2-exactly	Scope		[PolyLog, 2, 2]	[Add, [Multiply, [Complex, 0, -1], Pi, [Ln, 2]], [Multiply, [Rational, 1, 4], [Power, Pi, 2]]]				$\operatorname{Li}_2(2) = \pi^2/4 - i\pi\ln 2$ exactly											
li-n-1-1-2-1-n-zeta-n-for-symbolic-n	Scope		[PolyLog, n, -1]	[Multiply, [Add, [Power, 2, [Add, [Negate, n], 1]], -1], [Zeta, n]]				$\operatorname{Li}_n(-1) = -(1 - 2^{1-n})\zeta(n)$ for symbolic $n$											
li-2-z-z-1-z-1-z-3	Scope		[PolyLog, -2, z]	[Divide, [Multiply, z, [Add, z, 1]], [Power, [Add, [Negate, z], 1], 3]]				$\operatorname{Li}_{-2}(z) = z(1+z)/(1-z)^3$											
interval-arithmetic	Scope		[PolyLog, 2, [Interval, 0.7, 0.8]]	[Interval, 0.889377624286038, 1.07479460000825]				Interval arithmetic in $z$, proven: $\operatorname{Li}_2'(z) = \Phi(z, 1, 1)$ keeps one sign, so the image is the values at the ends, rounded outward				precision	Wolfram's interval evaluation of PolyLog over-widens the enclosure; ours is tight.						
three-arguments-the-nielsen-generalized	Scope		[PolyLog, 1, 2, 1]	[Zeta, 3]				Three arguments: the Nielsen generalized polylogarithm $S_{n,p}(z)$, with $S_{1,2}(1) = \zeta(3)$											
s-2-2-1-pi-4-360	Scope		[PolyLog, 2, 2, 1]	[Multiply, [Rational, 1, 360], [Power, Pi, 4]]				$S_{2,2}(1) = \pi^4/360$											
s-1-2-1-2-zeta-3-8-ln-3-2-6	Scope		[PolyLog, 1, 2, 0.5]	0.0947530042301277				$S_{1,2}(1/2) = \zeta(3)/8 - \ln^3 2/6$											
to-30-significant-digits-not-yet-the-requested	Scope		[N, [PolyLog, 2, [Rational, 1, 2]], 30]	{num: "0.582240526465012505902656320160"}				To 30 significant digits, past a double's reach											
image-order-2-over-0p7-to-0p8	Scope	test	[PolyLog, 2, [Interval, 0.7, 0.8]]	[Interval, 0.889377624286038, 1.07479460000825]	[Interval, {num: "0.889377624286038738601006274807"}, {num: "1.07479460000824835939545192285"}]	1e-9	mpmath 1.3.0 polylog extrema	Interval image, proven over balls				precision	Wolfram's interval evaluation of PolyLog over-widens the enclosure; ours is tight.						
image-order-2-over-neg-0p9-to-0p9	Scope	test	[PolyLog, 2, [Interval, -0.9, 0.9]]	[Interval, -0.752163179217262, 1.29971472300496]	[Interval, {num: "-0.752163179217261620372692713427"}, {num: "1.29971472300495872517106049419"}]	1e-9	mpmath 1.3.0 polylog extrema	Interval image, proven over balls				precision	Wolfram's interval evaluation symmetrizes to the widest possible bound at each end; ours computes a tighter image.						
image-order-0p5-over-neg-0p5-to-0p95	Scope	test	[PolyLog, 0.5, [Interval, -0.5, 0.95]]	[Interval, -0.373752237980974, 6.37636137258555]	[Interval, {num: "-0.373752237980973056447473317383"}, {num: "6.37636137258554237495257661473"}]	1e-9	mpmath 1.3.0 polylog extrema	Interval image, proven over balls				domain	Wolfram declines to evaluate PolyLog on an interval at a non-integer order; ours computes an image directly.						
image-order-neg-1p5-over-neg-0p3-to-0p3	Scope	test	[PolyLog, -1.5, [Interval, -0.3, 0.3]]	[Interval, -0.140350469986165, 0.803887928285341]	[Interval, {num: "-0.140350469986164191701985373074"}, {num: "0.80388792828534076299549193137"}]	1e-9	mpmath 1.3.0 polylog extrema	Interval image, proven over balls				precision	Wolfram's interval evaluation symmetrizes to the widest possible bound at each end; ours computes a tighter image.						
image-order-neg-3-over-neg-0p5-to-0p2	Scope	test	[PolyLog, -3, [Interval, -0.5, 0.2]]	[Interval, -0.0416666666668334, 0.898437500000001]	[Interval, {num: "-0.0416666666666666666666666666667"}, {num: "0.8984375"}]	1e-9	mpmath 1.3.0 polylog extrema	Interval image, proven over balls				precision	Wolfram's interval evaluation of PolyLog over-widens the enclosure; ours is tight.						
image-order-5-over-neg-0p99-to-0p99	Scope	test	[PolyLog, 5, [Interval, -0.99, 0.99]]	[Interval, -0.962647165657348, 1.02611047710131]	[Interval, {num: "-0.962647165657347237589506883292"}, {num: "1.02611047710130618255042277814"}]	1e-9	mpmath 1.3.0 polylog extrema	Interval image, proven over balls				domain	Wolfram declines to evaluate PolyLog on an interval at this order; ours computes an image directly.						
polylog-0-5	Scope		[PolyLog, 0, 5]	[Rational, -5, 4]				$\mathrm{Li}_0(z)=\frac{z}{1-z}$, so $\mathrm{Li}_0(5)=-\frac54$											
n-polylog-1-1-over-3-50	Scope		[N, [PolyLog, 1, [Rational, 1, 3]], 50]	{num: "0.40546510810816438197801311546434913657199042346249"}				A 50-digit value of $\mathrm{Li}_1(1/3) = -\ln(2/3)$											
polylog-2-list-list-1-over-2-0-list-0-1-over-2	Scope		[PolyLog, 2, [List, [List, [Rational, 1, 2], 0], [List, 0, [Rational, 1, 2]]]]	[List, [List, [PolyLog, 2, [Rational, 1, 2]], 0], [List, 0, [PolyLog, 2, [Rational, 1, 2]]]]				Applies to a diagonal matrix entry by entry											
polylog-1-0	Scope		[PolyLog, 1, 0]	0				$\mathrm{Li}_s(0)=0$ for any order											
d-polylog-n-z-z	Scope		[D, [PolyLog, n, z], z]	[Divide, [PolyLog, [Add, n, -1], z], z]				Differentiation lowers the order: $\partial_z \mathrm{Li}_n(z)=\mathrm{Li}_{n-1}(z)/z$											
matrixfunction-function-polylog-2-1-1-list-list	Scope		[MatrixFunction, [Function, [Block, [PolyLog, 2, _1]], _1], [List, [List, [Rational, 1, 2], 0], [List, 0, [Rational, 1, 2]]]]	[List, [List, [PolyLog, 2, [Rational, 1, 2]], 0], [List, 0, [PolyLog, 2, [Rational, 1, 2]]]]				MatrixFunction agrees with direct threading for a diagonal matrix		Unreadable									
li-1-2-1-zeta-1-2-a-non-integer-order-from	Applications		[PolyLog, 0.5, 1]	{num: "-1.46035450880958681289"}				$\operatorname{Li}_{1/2}(1) = \zeta(1/2)$ — a non-integer order, from `@enumeratio/analytic`				convention	Li_{1/2}(1): compute-engine continues in s to ζ(1/2); Wolfram treats z = 1 as the branch point for s ≤ 1 and returns ComplexInfinity.	domain	compute-engine continues Li_s(1) = ζ(s) to s = 1/2; Sage's polylog returns NaN there.				
li-1-2-1-2-0-80612672-via-the-lerch-series	Applications		[PolyLog, 0.5, 0.5]	0.8061267230428522				$\operatorname{Li}_{1/2}(1/2) = 0.80612672\ldots$, via the Lerch series											
li-5-2-1-2-0-46229778-the-alternating-side-euler	Applications		[PolyLog, 2.5, -0.5]	-0.46229778219006346				$\operatorname{Li}_{5/2}(-1/2) = -0.46229778\ldots$ — the alternating side, Euler-transformed											
certified-digits-li-2-1-3	Applications		[N, [PolyLog, 2, [Rational, 1, 3]], 40]	{num: "0.3662132299770634876167462976642627638021"}				$\operatorname{Li}_2(1/3)$ to 40 digits, proven: at an exact argument the series bounds its own error, and both ends of the enclosure round to these digits											
certified-digits-li-5-2-minus-1-2	Applications		[N, [PolyLog, [Rational, 5, 2], [Rational, -1, 2]], 40]	{num: "-0.4622977821900634381891643232745464898869"}				$\operatorname{Li}_{5/2}(-1/2)$ to 40 digits, proven the same way at a non-integer order											
li-1-z-ln-1-z-symbolically	Properties		[PolyLog, 1, z]	[Negate, [Ln, [Add, [Negate, z], 1]]]				$\operatorname{Li}_1(z) = -\ln(1 - z)$, symbolically											
li-1-z-z-1-z-2-negative-orders-are-rational	Properties		[PolyLog, -1, z]	[Divide, z, [Power, [Add, [Negate, z], 1], 2]]				$\operatorname{Li}_{-1}(z) = z/(1-z)^2$ — negative orders are rational											
li-2-1-2-pi-2-12-ln-2-2-2	Properties		[Equal, [Add, [PolyLog, 2, 0.5], [Multiply, 0.5, [Power, [Ln, 2], 2]]], [Divide, [Power, Pi, 2], 12]]	True				$\operatorname{Li}_2(1/2) = \pi^2/12 - (\ln 2)^2/2$						convention	True identity; the left side is a float and the right stays the symbolic Pi^2/12, and Sage's bool() doesn't coerce a float against an unevaluated symbolic constant, so it reports False instead of proving the identity.				
li-s-1-zeta-s-for-symbolic-s	Properties		[PolyLog, s, 1]	[Zeta, s]				$\operatorname{Li}_s(1) = \zeta(s)$ for symbolic $s$					A PolyLog/Zeta identity for a symbolic parameter that FullSimplify doesn't confirm automatically.						
frac-d-dx-li-n-x-li-n-1-x-x-today-the-derivative	Properties		[D, [PolyLog, n, x], x]	[Divide, [PolyLog, [Add, n, -1], x], x]				$\frac{d}{dx}\operatorname{Li}_n(x) = \operatorname{Li}_{n-1}(x)/x$											
polylog-3-exponentiale-pow-1-over-3-times-i	Properties		[PolyLog, 3, [Power, ExponentialE, [Multiply, [Complex, 0, [Rational, 1, 3]], Pi]]]	[PolyLog, 3, [Add, [Rational, 1, 2], [Complex, 0, [Divide, [Sqrt, 3], 2]]]]	[Add, [Multiply, [Rational, 1, 3], [Zeta, 3]], [Multiply, [Complex, 0, [Rational, 5, 162]], [Power, Pi, 3]]]		Wolfram MathematicalFunctionData, PolyLog	An argument on the unit circle is rewritten in Cartesian form	polyLog(3, exponentialE ^ (1 / 3 * i * pi))		PolyLog(3, Power(ExponentialE, Multiply(Complex(0, Rational(1, 3)), Pi)))								
polylog-3-exponentiale-pow-neg-1-over-3-times-i	Properties		[PolyLog, 3, [Power, ExponentialE, [Multiply, [Complex, 0, [Rational, -1, 3]], Pi]]]	[PolyLog, 3, [Add, [Rational, 1, 2], [Complex, 0, [Negate, [Divide, [Sqrt, 3], 2]]]]]	[Add, [Multiply, [Rational, 1, 3], [Zeta, 3]], [Multiply, [Complex, 0, [Rational, -5, 162]], [Power, Pi, 3]]]		Wolfram MathematicalFunctionData, PolyLog	The conjugate point on the unit circle, $e^{-i\pi/3}$	polyLog(3, exponentialE ^ (-1 / 3 * i * pi))		PolyLog(3, Power(ExponentialE, Multiply(Complex(0, Rational(-1, 3)), Pi)))								
polylog-3-exponentiale-pow-2-over-3-times-i	Properties		[PolyLog, 3, [Power, ExponentialE, [Multiply, [Complex, 0, [Rational, 2, 3]], Pi]]]	[PolyLog, 3, [Add, [Rational, -1, 2], [Complex, 0, [Divide, [Sqrt, 3], 2]]]]	[Add, [Multiply, [Rational, -4, 9], [Zeta, 3]], [Multiply, [Complex, 0, [Rational, 2, 81]], [Power, Pi, 3]]]		Wolfram MathematicalFunctionData, PolyLog	A point at angle $2\pi/3$ on the unit circle	polyLog(3, exponentialE ^ (2 / 3 * i * pi))		PolyLog(3, Power(ExponentialE, Multiply(Complex(0, Rational(2, 3)), Pi)))								
functionexpand-polylog-2-exponentiale-pow-1-over	Properties		[FunctionExpand, [PolyLog, 2, [Power, ExponentialE, [Multiply, [Complex, 0, [Rational, 1, 3]], Pi]]]]	[PolyLog, 2, [Add, [Rational, 1, 2], [Complex, 0, [Divide, [Sqrt, 3], 2]]]]				FunctionExpand only normalises the argument, the dilogarithm stays	FunctionExpand(polyLog(2, exponentialE ^ (1 / 3 * i * pi)))		FunctionExpand(PolyLog(2, Power(ExponentialE, Multiply(Complex(0, Rational(1, 3)), Pi))))								
neg-polylog-2-neg-1-plus-polylog-2-1-over-2	Properties		[Add, [Negate, [PolyLog, 2, -1]], [PolyLog, 2, [Rational, 1, 2]]]	[Add, [Multiply, [Rational, 1, 12], [Power, Pi, 2]], [PolyLog, 2, [Rational, 1, 2]]]	[Add, [Multiply, [Rational, -1, 2], [Power, [Ln, 2], 2]], [Multiply, [Rational, 1, 6], [Power, Pi, 2]]]		Wolfram MathematicalFunctionData, PolyLog, FunctionalEquations												
neg-1-over-2-times-polylog-2-neg-1-over-3-plus	Properties		[Add, [Multiply, [Rational, -1, 2], [PolyLog, 2, [Rational, -1, 3]]], [PolyLog, 2, -1], [PolyLog, 2, [Rational, 1, 3]]]	[Add, [Multiply, [Rational, -1, 2], [PolyLog, 2, [Rational, -1, 3]]], [Multiply, [Rational, -1, 12], [Power, Pi, 2]], [PolyLog, 2, [Rational, 1, 3]]]	[Multiply, [Rational, -1, 4], [Power, [Ln, 3], 2]]		Wolfram MathematicalFunctionData, PolyLog, FunctionalEquations												
neg-2-times-polylog-2-neg-1-over-2-plus-polylog	Properties		[Add, [Multiply, -2, [Add, [PolyLog, 2, [Rational, -1, 2]], [PolyLog, 2, [Rational, 1, 2]]]], [PolyLog, 2, [Rational, 1, 4]]]	[Add, [Multiply, -2, [PolyLog, 2, [Rational, -1, 2]]], [Multiply, -2, [PolyLog, 2, [Rational, 1, 2]]], [PolyLog, 2, [Rational, 1, 4]]]	0		Wolfram MathematicalFunctionData, PolyLog, FunctionalEquations												
polylog-2-neg-1-plus-polylog-2-0-plus-polylog-2	Properties		[Add, [PolyLog, 2, -1], [PolyLog, 2, 0], [PolyLog, 2, [Rational, 1, 2]]]	[Add, [Multiply, [Rational, -1, 12], [Power, Pi, 2]], [PolyLog, 2, [Rational, 1, 2]]]	[Multiply, [Rational, -1, 2], [Power, [Ln, 2], 2]]		Wolfram MathematicalFunctionData, PolyLog, FunctionalEquations												
an-exact-argument-stays-symbolic-under-plain	Possible issues		[PolyLog, 2, [Rational, 1, 2]]	[PolyLog, 2, [Rational, 1, 2]]				An exact argument stays symbolic under plain evaluation -- pair with N() or pass 0.5 instead											
