id	in	out
from-a-list-of-terms	\operatorname{Convergents}([3,7,15,1])	[3,\frac{22}{7},\frac{333}{106},\frac{355}{113}]
the-first-five-convergents-of-pi	\operatorname{Convergents}(\pi,5)	[3,\frac{22}{7},\frac{333}{106},\frac{355}{113},\frac{103993}{33102}]
convergents-goldenratio-10	\operatorname{Convergents}(\varphi,10)	[1,2,\frac{3}{2},\frac{5}{3},\frac{8}{5},\frac{13}{8},\frac{21}{13},\frac{34}{21},\frac{55}{34},\frac{89}{55}]
convergents-list-1-1-1-1-1	\operatorname{Convergents}([1,1,1,1,1])	[1,2,\frac{3}{2},\frac{5}{3},\frac{8}{5}]
a-rational-the-last-convergent-is-the-number	\operatorname{Convergents}(\frac{47}{17})	[2,3,\frac{11}{4},\frac{47}{17}]
convergents-pi-10	\operatorname{Convergents}(\pi,10)	[3,\frac{22}{7},\frac{333}{106},\frac{355}{113},\frac{103993}{33102},\frac{104348}{33215},\frac{208341}{66317},\frac{312689}{99532},\frac{833719}{265381},\frac{1146408}{364913}]
convergents-sqrt-7-10	\operatorname{Convergents}(\sqrt{7},10)	[2,3,\frac{5}{2},\frac{8}{3},\frac{37}{14},\frac{45}{17},\frac{82}{31},\frac{127}{48},\frac{590}{223},\frac{717}{271}]
convergents-7-over-17	\operatorname{Convergents}(\frac{7}{17})	[0,\frac{1}{2},\frac{2}{5},\frac{7}{17}]
convergents-of-sqrt-2-solve-pell-s-equations-p-2	\operatorname{Convergents}(\sqrt{2},5)	[1,\frac{3}{2},\frac{7}{5},\frac{17}{12},\frac{41}{29}]
neg-n-pi-plus-convergents-pi-10	-N(\pi)+\operatorname{Convergents}(\pi,10)	[-0.141592653589793238462643,0.001264489267349618677357,-0.000083219627529087522643,2.66764189062417357\times10^{-7},-5.77890634392643\times10^{-10},3.31627806247357\times10^{-10},-1.22356532942643\times10^{-10},2.9143384937357\times10^{-11},-8.715467262643\times10^{-12},1.610740017357\times10^{-12}]
