id	section	role	expr	expected	caption	epsil.in	epsil.out	tex.in	tex.out	traditional.in	traditional.out	fullform.in	fullform.out	notatio.in	notatio.out
chineseremainder-list-3-4-list-4-5			[ChineseRemainder, [List, 3, 4], [List, 4, 5]]	19		ChineseRemainder([3, 4], [4, 5])	19	\mathrm{ChineseRemainder}(\bigl\lbrack3, 4\bigr\rbrack, \bigl\lbrack4, 5\bigr\rbrack)	19	\operatorname{ChineseRemainder}([3,4],[4,5])	19	ChineseRemainder(List(3, 4), List(4, 5))	19	<ChineseRemainder><List>3 4</List> <List>4 5</List></ChineseRemainder>	<ToExpression>19</ToExpression>
chineseremainder-list-2-3-5-list-3-5-7			[ChineseRemainder, [List, 2, 3, 5], [List, 3, 5, 7]]	68											
five-congruences-unique-modulo-7-cdot-11-cdot-13	Scope		[ChineseRemainder, [List, 1, 2, 3, 4, 5], [List, 7, 11, 13, 17, 19]]	180391	five congruences, unique modulo $7 \cdot 11 \cdot 13 \cdot 17 \cdot 19 = 323323$										
moduli-sharing-a-factor-with-remainders-that	Scope		[ChineseRemainder, [List, 1, 3], [List, 4, 6]]	9	moduli sharing a factor, with remainders that agree on it: unique mod $\operatorname{lcm} = 12$										
the-least-solution-ge-200-52-2-cdot-105	Scope		[ChineseRemainder, [List, 1, 2, 3], [List, 3, 5, 7], 200]	262	the least solution $\ge 200$: $52 + 2 \cdot 105$										
over-classes-the-answer-is-a-class-and-reading	Scope		[ChineseRemainder, [ResidueClass, 2, 3], [ResidueClass, 3, 5], [ResidueClass, 2, 7]]	[ResidueClass, 23, 105]	over classes, the answer is a class — and reading `ResidueNumerals([3, 5, 7])` digits back with [[FromDigits]] is the same computation										
a-third-argument-asks-for-the-smallest-solution	Scope		[ChineseRemainder, [List, 1, 2], [List, 3, 5], 100]	112	A third argument asks for the smallest solution $x \ge d$: here $x \equiv 7 \pmod{15}$, so 112										
recover-123456-bmod-1001-from-its-residues-mod-7	Applications		[ChineseRemainder, [Mod, 123456, [List, 7, 11, 13]], [List, 7, 11, 13]]	333	recover $123456 \bmod 1001$ from its residues mod 7, 11 and 13. See [[Mod]]										
verifies-the-solution-satisfies-both-congruences	Properties		[And, [Equal, [Mod, [ChineseRemainder, [List, 3, 4], [List, 4, 5]], 4], 3], [Equal, [Mod, [ChineseRemainder, [List, 3, 4], [List, 4, 5]], 5], 4]]	True	Verifies the solution satisfies both congruences via [[Mod]]										
chineseremainder-list-1-2-list-3-5	Properties		[ChineseRemainder, [List, 1, 2], [List, 3, 5]]	7	Solves $x\equiv1 \pmod3$, $x\equiv2 \pmod5$ for the smallest $x=7$										
no-solution-exists-when-the-remainders-are	Possible issues		[ChineseRemainder, [List, 1, 2], [List, 6, 10]]	[ChineseRemainder, [List, 1, 2], [List, 6, 10]]	No solution exists when the remainders are inconsistent at $\gcd(6,10)=2$, so the call stays unevaluated and says why										
