id	in	out	tex.in	tex.out	verdict
clamp-5-0-3	Clip[5, List[0, 3]]	3	\text{Clip}[5,\{0,3\}]	3	
clamp-neg-1-0-3	Clip[-1, List[0, 3]]	0	\text{Clip}[-1,\{0,3\}]	0	
values-already-inside-the-range-pass-through	Clip[2, List[0, 3]]	2	\text{Clip}[2,\{0,3\}]	2	
clamp-neg5-0-3-neg1-10-returns-the-lower	Clip[-5, List[0, 3], List[-1, 10]]	Clip[-5, 0, 3, -1, 10]	\text{Clip}[-5,0,3,-1,10]	\text{Clip}[-5,0,3,-1,10]	disagree
replacement-values-leave-x-inside-the-range	Clip[2, List[0, 3], List[-1, 10]]	Clip[2, 0, 3, -1, 10]	\text{Clip}[2,0,3,-1,10]	\text{Clip}[2,0,3,-1,10]	disagree
clamp-below-range	Clip[-5]	-1	\text{Clip}[-5]	-1	
clamp-within-range	Clip[0.5]	0.5	\text{Clip}[0.5]	0.5	
a-1-argument-clamp-x-clamps-to-the-default-range	Clip[1.5]	1	\text{Clip}[1.5]	1	
threads-element-wise-over-a-list	Clip[List[-2, 0.5, 3], List[0, 1]]	{0, 0.5, 1}	\text{Clip}[\{-2,0.5,3\},\{0,1\}]	\{0,0.5,1\}	
exact-numeric-constants-are-compared-numerically	Clip[Pi, List[0, 3]]	3	\text{Clip}[\pi ,\{0,3\}]	3	
clamp-7-over-2-1-3	Clip[Rational[7, 2], List[1, 3]]	3	\text{Clip}\left[\frac{7}{2},\{1,3\}\right]	3	
infinities-clamp-to-the-nearer-bound	Clip[Infinity, List[0, 3]]	3	\text{Clip}[\infty ,\{0,3\}]	3	
wolfram-s-clip-x-min-max-v-min-v-max-returns	Clip[5, List[0, 3], List[-1, 10]]	Clip[5, 0, 3, -1, 10]	\text{Clip}[5,0,3,-1,10]	\text{Clip}[5,0,3,-1,10]	disagree
capping-a-percentage-like-value-at-100	Clip[112, List[0, 100]]	100	\text{Clip}[112,\{0,100\}]	100	
idempotent-clamping-an-already-clamped-value	(Clip[Clip[5, List[0, 3]], List[0, 3]] == Clip[5, List[0, 3]])	True	\text{Clip}[\text{Clip}[5,\{0,3\}],\{0,3\}]=\text{Clip}[5,\{0,3\}]	\text{True}	
no-validation-that-lower-upper-with-the-bounds	Clip[5, List[3, 0]]	0	\text{Clip}[5,\{3,0\}]	0	
a-symbolic-value-is-left-unevaluated-rather-than	Clip[x, List[0, 3]]	True	\text{Module}\left[\{d=\text{Quiet}[\text{TimeConstrained}[\text{FullSimplify}[\text{Clip}[x,\{0,3\}]-\text{Clip}[x,\{0,3\}]],10,\text{$\$$Aborted}]]\},\text{If}\left[d\text{===}0,\text{True},\text{Module}\left[\left\{s=\left\{\text{Chop}\left[N\left[\text{Clip}\left[\frac{7}{3},\{0,3\}\right]-\text{Clip}\left[\frac{7}{3},\{0,3\}\right]\right]\right],\text{Chop}\left[N\left[\text{Clip}\left[-\frac{11}{5},\{0,3\}\right]-\text{Clip}\left[-\frac{11}{5},\{0,3\}\right]\right]\right],\text{Chop}\left[N\left[\text{Clip}\left[\frac{13}{4},\{0,3\}\right]-\text{Clip}\left[\frac{13}{4},\{0,3\}\right]\right]\right]\right\}\right\},\text{If}[\text{AllTrue}[s,\text{NumericQ}],\text{AllTrue}[s,\text{$\#$1}=0\&],\text{Indeterminate}]\right]\right]\right]	\text{True}	
