id	section	role	expr	expected	caption	fullform.in	fullform.out	wolfram.kind	wolfram.note	sage.kind	sage.note
the-canonical-order			[NonCommutativeMultiply, e_1, e_2]	[Multiply, e_1, e_2]	the canonical order			domain	Wolfram's NonCommutativeMultiply is an uninterpreted formal operator with no built-in multiplication table for our basis elements, so it always stays unevaluated. Not testable against Wolfram for this algebraic content.		
noncommutativemultiply-a-b-c-eq			[Equal, [NonCommutativeMultiply, a, b, c], [NonCommutativeMultiply, a, b, c]]	True	Symbolic products are held, and identical ones compare equal						
list-a-times-b-eq-a-times-b			[List, [Equal, [Multiply, a, b], [Multiply, a, b]], [Equal, [NonCommutativeMultiply, a, b], [NonCommutativeMultiply, b, a]]]	[List, True, [Equal, [NonCommutativeMultiply, a, b], [NonCommutativeMultiply, b, a]]]						domain	Sage multiplies the symbols as commuting variables, so a*b == b*a is True there; ours keeps the non-commutative product.
scalars-the-implied-identity-factor	Scope		[CircleTimes, 2, 3]	6	scalars: the implied identity factor			convention	Our CircleTimes commits to a concrete algebra where scalars multiply as usual; Wolfram's builtin CircleTimes is inert notation with no arithmetic rules, so it leaves $2\otimes3$ displayed rather than reduced to 6.		
commuting-units-agrees-with-times	Scope		[CircleTimes, i_2, i_1]	[Multiply, i_1, i_2]	commuting units: agrees with $\times$			domain	Wolfram's NonCommutativeMultiply is an uninterpreted formal operator with no built-in multiplication table for our basis elements, so it always stays unevaluated. Not testable against Wolfram for this algebraic content.		
the-quaternion-product-1-2i-3j-4k-2-i-j-3k-13	Applications		[NonCommutativeMultiply, [Add, 1, [Multiply, 2, f_1], [Multiply, 3, f_2], [Multiply, 4, f_1, f_2]], [Add, 2, [Negate, f_1], f_2, [Multiply, -3, f_1, f_2]]]	[Add, [Multiply, 10, f_1, f_2], [Multiply, -10, f_1], [Multiply, 9, f_2], 13]	the quaternion product $(1+2i+3j+4k)(2-i+j-3k) = 13-10i+9j+10k$, with $i = f_1$, $j = f_2$, $k = f_1f_2$			domain	Wolfram's NonCommutativeMultiply is an uninterpreted formal operator with no built-in multiplication table for our basis elements, so it always stays unevaluated. Not testable against Wolfram for this algebraic content.	domain	Same as the other NonCommutativeMultiply examples: Sage multiplies the basis symbols as ordinary commuting variables, with no notion of our quaternion multiplication table.
reversing-the-operands-flips-the-sign	Properties		[NonCommutativeMultiply, e_2, e_1]	[Negate, [Multiply, e_1, e_2]]	reversing the operands flips the sign			domain	Wolfram's NonCommutativeMultiply is an uninterpreted formal operator with no built-in multiplication table for our basis elements, so it always stays unevaluated. Not testable against Wolfram for this algebraic content.	domain	Sages symbolic ring multiplication commutes (e_2*e_1 = e_1*e_2 there); it has no built-in notion of our non-commutative Clifford-algebra basis, so it cannot see the sign flip our own algebra requires.
e-1e-2-2-1	Properties		[NonCommutativeMultiply, e_1, e_2, e_1, e_2]	-1	$(e_1e_2)^2 = -1$			domain	Wolfram's NonCommutativeMultiply is an uninterpreted formal operator with no built-in multiplication table; it can't know our Clifford-algebra basis products, so it always stays unevaluated. Not testable against Wolfram at all for this content.	domain	Same as the other NonCommutativeMultiply example: Sages symbolic ring has no built-in multiplication table for our basis elements and just multiplies them as ordinary (commuting) symbols.
associative-nested-products-flatten	Properties		[NonCommutativeMultiply, a, [NonCommutativeMultiply, b, c]]	[NonCommutativeMultiply, a, b, c]	associative: nested products flatten	NonCommutativeMultiply(a, NonCommutativeMultiply(b, c))	NonCommutativeMultiply(a, b, c)				
undeclared-symbols-are-taken-to-commute-so-the	Properties		[NonCommutativeMultiply, b, a]	[NonCommutativeMultiply, b, a]	undeclared symbols aren't assumed to commute, so the order is kept						
list-noncommutativemultiply-0-a	Properties		[List, [NonCommutativeMultiply, 0, a], [NonCommutativeMultiply, 1, a]]	[List, [NonCommutativeMultiply, 0, a], [NonCommutativeMultiply, 1, a]]							
neg-a-times-c-plus-noncommutativemultiply-a-plus	Properties		[Add, [Negate, [Multiply, a, c]], [NonCommutativeMultiply, [Add, a, b], c]]	[Add, [Negate, [Multiply, a, c]], [NonCommutativeMultiply, [Add, a, b], c]]							
plain-times-declines-both-orders-arrive	Possible issues		[Multiply, e_2, e_1]	[Multiply, e_1, e_2]	plain $\times$ declines: both orders arrive identical	Multiply(e_2, e_1)	Multiply(e_1, e_2)				
noncommutativemultiply-a	Possible issues		[NonCommutativeMultiply, a]	a	A single factor is just itself						
