id	section	role	expr	expected	caption	triage	wolfram.note
gather-list-1-7-3-7-2-3-9			[Gather, [List, 1, 7, 3, 7, 2, 3, 9]]	[List, [List, 1], [List, 7, 7], [List, 3, 3], [List, 2], [List, 9]]			
symbolic-elements			[Gather, [List, a, b, a, a, c, b]]	[List, [List, a, a, a], [List, b, b], [List, c]]	Symbolic elements		
gather-list-a-b-a-d-b			[Gather, [List, a, b, a, d, b]]	[List, [List, a, a], [List, b, b], [List, d]]			
gather-list-list-a-1-list-b-1-list-a-2-list-d-1			[Gather, [List, [List, a, 1], [List, b, 1], [List, a, 2], [List, d, 1], [List, b, 3]], [Function, [Block, [Equal, [First, _1], [First, _2]]], _1, _2]]	[List, [List, [List, a, 1], [List, a, 2]], [List, [List, b, 1], [List, b, 3]], [List, [List, d, 1]]]			
a-test-decides-which-elements-belong-together	Scope		[Gather, [List, 1, 2, 3, 4, 5, 6], [Function, [Equal, [Mod, _1, 2], [Mod, _2, 2]]]]	[List, [List, 1, 3, 5], [List, 2, 4, 6]]	A test decides which elements belong together: here, same parity		
gather-range-1-10-function-1-mod-3-eq-2-mod-3-1	Applications		[Gather, [Range, 1, 10], [Function, [Block, [Equal, [Mod, _1, 3], [Mod, _2, 3]]], _1, _2]]	[List, [List, 1, 4, 7, 10], [List, 2, 5, 8], [List, 3, 6, 9]]			
gather-range-0-3-1-over-3-function-floor-1-eq	Applications		[Gather, [Range, 0, 3, [Rational, 1, 3]], [Function, [Block, [Equal, [Floor, _1], [Floor, _2]]], _1, _2]]	[List, [List, 0, [Rational, 1, 3], [Rational, 2, 3]], [List, 1, [Rational, 4, 3], [Rational, 5, 3]], [List, 2, [Rational, 7, 3], [Rational, 8, 3]], [List, 3]]			
gather-data-test	Applications	triage	[Gather, data, test]	[List]		ours?	Lane marked it fixed (our bug: a free symbol where a collection was expected answered List()/Nothing/a bogus fold instead of staying unevaluated — operandsOf()/a bare symbol's pseudo), but re-adopting it on main, ours isn't a settled answer: not written again.
the-group-sizes-are-the-multiplicities-of-the	Properties		[Equal, [Map, Length, [Gather, [List, 1, 7, 3, 7, 2, 3, 9]]], [List, 1, 2, 2, 1, 1]]	True	The group sizes are the multiplicities of the distinct elements		
