id	section	role	expr	expected	caption	fullform.in	fullform.out	sage.kind	sage.note
residueclass-10-7			[ResidueClass, 10, 7]	[ResidueClass, 3, 7]					
1-3-is-the-inverse-of-3-3-cdot-5-15-equiv-1			[ResidueClass, [Rational, 1, 3], 7]	[ResidueClass, 5, 7]	$1/3$ is the inverse of 3: $3 \cdot 5 = 15 \equiv 1$				
fermat-3-6-equiv-1-pmod-7			[Power, [ResidueClass, 3, 7], 6]	[ResidueClass, 1, 7]	Fermat: $3^6 \equiv 1 \pmod 7$				
residueclass-negative-1-7		test	[ResidueClass, -1, 7]	[ResidueClass, 6, 7]					
1-over-residueclass-3-7	Scope		[Divide, 1, [ResidueClass, 3, 7]]	[ResidueClass, 5, 7]					
adding-two-classes-mod-7	Scope	test	[Add, [ResidueClass, 5, 7], [ResidueClass, 4, 7]]	[ResidueClass, 2, 7]					
adding-a-plain-integer-to-a-class	Scope	test	[Add, [ResidueClass, 5, 7], 3]	[ResidueClass, 1, 7]					
subtracting-two-classes-mod-7	Scope	test	[Subtract, [ResidueClass, 2, 7], [ResidueClass, 5, 7]]	[ResidueClass, 4, 7]					
multiplying-two-classes-mod-7	Scope	test	[Multiply, [ResidueClass, 3, 7], [ResidueClass, 5, 7]]	[ResidueClass, 1, 7]					
power-with-exponent-negative-1-is-the-inverse	Scope	test	[Power, [ResidueClass, 3, 7], -1]	[ResidueClass, 5, 7]					
negating-a-class-mod-7	Scope	test	[Negate, [ResidueClass, 3, 7]]	[ResidueClass, 4, 7]					
chineseremainder-residueclass-2-3-and-3-5	Applications		[ChineseRemainder, [ResidueClass, 2, 3], [ResidueClass, 3, 5]]	[ResidueClass, 8, 15]					
multiplicativeorder-residueclass-2-7	Applications		[MultiplicativeOrder, [ResidueClass, 2, 7]]	3					
chineseremainder-residueclass-1-4-and-3-6	Applications	test	[ChineseRemainder, [ResidueClass, 1, 4], [ResidueClass, 3, 6]]	[ResidueClass, 9, 12]					
different-moduli-do-not-combine	Possible issues		[Add, [ResidueClass, 2, 4], [ResidueClass, 1, 6]]	[Add, [ResidueClass, 2, 4], [ResidueClass, 1, 6]]	classes of different moduli do not combine: the sum stays as written			convention	Sage coerces classes of different moduli into Z/gcd(m, n), so this sum is Mod(1, 2) there; compute-engine leaves classes of two moduli unevaluated, and so does this head. IntegerMod follows Sage.
2-is-not-a-unit-mod-4-and-the-message-says-so	Possible issues		[Divide, 1, [ResidueClass, 2, 4]]	[Divide, 1, [ResidueClass, 2, 4]]	2 is not a unit mod 4, and the message says so				
odd-mod-4-and-even-mod-6-at-once-no-such-class	Possible issues		[ChineseRemainder, [ResidueClass, 1, 4], [ResidueClass, 2, 6]]	[ChineseRemainder, [ResidueClass, 1, 4], [ResidueClass, 2, 6]]	odd mod 4 and even mod 6 at once: no such class				
a-non-unit-denominator-mod-4-stays-unevaluated	Possible issues	test	[ResidueClass, [Rational, 1, 2], 4]	[ResidueClass, [Rational, 1, 2], 4]					
power-with-negative-exponent-of-a-non-unit	Possible issues	test	[Power, [ResidueClass, 2, 4], -1]	[Power, [ResidueClass, 2, 4], -1]	2 is not a unit mod 4, so the negative power stays as written	Power(ResidueClass(2, 4), -1)	Power(ResidueClass(2, 4), -1)		
