id	section	role	expr	expected	known	tolerance	source	caption	wolfram.note
ln-g-4-ln-2			[LogBarnesG, 4]	[Ln, 2]				$\ln G(4) = \ln 2$	
ln-g-3-ln-1-0			[LogBarnesG, 3]	0				$\ln G(3) = \ln 1 = 0$	
numeric-for-a-floating-point-argument			[LogBarnesG, 10.5]	42.2788836367952				Numeric for a floating-point argument	
ln-g-frac-12			[LogBarnesG, 0.5]	-0.5054330544894583				$\ln G(\tfrac12)$	
ln-g-0-7-negative-since-g-1-on-0-1			[LogBarnesG, 0.7]	-0.21458989707508636				$\ln G(0.7)$ — negative, since $G < 1$ on $(0, 1)$	
complex-arguments	Scope		[LogBarnesG, [Complex, 1.7, 1]]	[Complex, 0.12137866262889929, -0.31356176133685665]				Complex arguments	
threads-elementwise-over-an-array-infty-at-the	Scope		[LogBarnesG, [List, [List, 4, -1], [List, 0, 3]]]	[List, [List, [Ln, 2], NegativeInfinity], [List, NegativeInfinity, 0]]				Threads elementwise over an array: $-\infty$ at the zeros of $G$	
huge-arguments-straight-from-the-asymptotic	Scope		[N, [LogBarnesG, [Power, 10, 1000]]]	{num: "1150542546497022842008995727342182103801e+1964"}				Huge arguments, straight from the asymptotic series: $\ln G(10^{1000}) \approx 1.1505\times10^{2003}$	
interval-arithmetic-over-an-increasing-stretch	Scope		[LogBarnesG, [Interval, 0.111, 0.112]]	[Interval, -2.1062842771124, -2.09664619888146]				Interval arithmetic over an increasing stretch, proven by the certified derivative	
uncertainty-propagation-through-ln-g	Scope		[LogBarnesG, [Around, 1.2, 0.01]]	[Around, 0.05620885559910568, 0.0016113055388623507]				Uncertainty propagation through $\ln G$	
ln-g-infty-infty	Scope		[LogBarnesG, PositiveInfinity]	PositiveInfinity				$\ln G(\infty) = \infty$	
image-over-0p111-to-0p112	Scope	test	[LogBarnesG, [Interval, 0.111, 0.112]]	[Interval, -2.1062842771124, -2.09664619888146]	[Interval, {num: "-2.10628427711239290609035366602"}, {num: "-2.09664619888146883495455529477"}]	1e-9	mpmath 1.3.0 log(barnesg) extrema	Interval image, proven over balls	
image-over-0p3-to-4	Scope	test	[LogBarnesG, [Interval, 0.3, 4]]	[Interval, -1.02829563032321, 0.693147180559946]	[Interval, {num: "-1.02829563032320984278365352984"}, {num: "0.693147180559945309417232121458"}]	1e-9	mpmath 1.3.0 log(barnesg) extrema	Interval image, proven over balls	
g-0-0-so-its-logarithm-is-infty	Properties		[LogBarnesG, 0]	NegativeInfinity				$G(0) = 0$, so its logarithm is $-\infty$	
exact-at-the-integers-ln-g-10-ln	Properties		[LogBarnesG, 10]	[Add, [Multiply, 2, [Ln, 14]], [Multiply, 3, [Ln, 10]], [Multiply, 9, [Ln, 3]], [Multiply, 18, [Ln, 2]], [Ln, 5]]				Exact at the integers: $\ln G(10) = \ln 5056584744960000$, split into logarithms of its factors	Wolfram keeps a single logarithm, Log[5056584744960000].
the-continuation-not-ln-of-the-value-g-2-5-0-yet	Possible issues		[LogBarnesG, -2.5]	[Complex, -2.574748476853131, 18.84955592153876]				The continuation, not $\ln$ of the value: $G(-2.5) > 0$, yet the imaginary part is $6\pi$	
